actor,created_at
ly,2014-04-09 02:01:27
lexrus,2014-05-13 06:11:41
guizai,2014-05-13 09:29:24
ftao,2014-05-13 12:00:37
ftao,2014-05-27 14:14:06
voransoy,2014-05-28 06:23:30
berstend,2014-05-28 22:16:24
wangyandong-ningxia,2014-06-04 05:23:33
strcrzy,2014-06-12 23:07:27
ligurio,2014-06-14 03:15:14
takuan-osho,2014-06-14 05:30:10
nyarla,2014-06-14 06:18:36
AoJ,2014-06-14 06:23:10
fcambus,2014-06-14 08:39:29
rlei,2014-07-01 10:56:59
vmlinz,2014-07-01 12:13:24
ronaldmexico,2014-07-06 05:34:26
agile6v,2014-07-07 02:50:28
wenzhihong2003,2014-07-07 04:01:35
treejames,2014-07-09 03:41:27
treejames,2014-07-09 03:46:11
talishte,2014-07-10 16:02:38
qiukun,2014-07-17 04:16:22
jiangrongyong,2014-07-17 08:30:01
riobard,2014-07-17 16:19:25
brucebot,2014-07-26 05:15:52
iiiyu,2014-07-29 02:40:28
maojj,2014-07-29 02:40:37
luosky,2014-07-29 02:41:21
zzuwangfeng,2014-07-29 02:41:58
noark9,2014-07-29 02:42:50
noark9,2014-07-29 02:42:53
undancer,2014-07-29 02:42:57
ewangke,2014-07-29 02:43:28
easonoutlook,2014-07-29 02:43:38
shaj04,2014-07-29 02:45:31
trawor,2014-07-29 02:50:01
6david9,2014-07-29 02:50:07
iwill,2014-07-29 02:58:57
blueseaguo,2014-07-29 03:00:23
Lcccocoa,2014-07-29 03:23:33
nixzhu,2014-07-29 03:25:39
BobCromwell,2014-07-29 03:28:58
TomLiu,2014-07-29 03:32:59
nonstriater,2014-07-29 03:54:11
qiaoxueshi,2014-07-29 05:48:19
jiaru0730,2014-07-29 07:05:17
tangqiaoboy,2014-07-29 12:05:57
LiLejia,2014-07-29 14:01:16
cgkim,2014-07-29 14:05:41
ritksm,2014-07-29 14:07:39
leonlhzhao,2014-07-29 14:09:47
AlickHill,2014-07-29 14:10:02
flankerhqd,2014-07-29 14:12:42
ellochen,2014-07-29 14:13:15
Slahser,2014-07-29 14:15:36
syhkiller,2014-07-29 14:15:36
youngshook,2014-07-29 14:15:36
puma007,2014-07-29 14:17:17
crespoxiao,2014-07-29 14:17:42
bluealert,2014-07-29 14:20:28
zack119,2014-07-29 14:20:36
rainyzz,2014-07-29 14:20:40
tshanceelunico,2014-07-29 14:26:50
hewigovens,2014-07-29 14:32:59
chaobj001,2014-07-29 14:35:14
inmyfree,2014-07-29 14:36:36
huanglong,2014-07-29 14:42:18
mingyun,2014-07-29 14:48:51
iLongfellow,2014-07-29 14:53:14
youxiachai,2014-07-29 15:01:37
elephi,2014-07-29 15:01:55
Pana,2014-07-29 15:12:42
masdude,2014-07-29 15:20:00
numbbuaa,2014-07-29 15:26:17
hetz,2014-07-29 15:37:49
origsun,2014-07-29 15:41:21
JasperYanky,2014-07-29 15:43:49
LathamZ,2014-07-29 15:44:49
mayiwei,2014-07-29 15:46:37
mythlive,2014-07-29 15:54:03
expbenson,2014-07-29 15:54:45
yuchen,2014-07-29 15:56:42
wufeifei,2014-07-29 16:01:48
mikurio,2014-07-29 16:02:14
stlnkm,2014-07-29 16:14:52
tenantian,2014-07-29 16:15:22
jhsonzhi,2014-07-29 16:17:08
JoyZeng,2014-07-29 16:21:24
pandazxx,2014-07-29 16:21:34
Daniel0829,2014-07-29 17:28:11
PeterPan507,2014-07-29 17:54:11
sunsongxp,2014-07-29 17:55:45
hefnrh,2014-07-29 17:59:42
cloudtrends,2014-07-29 21:33:22
wufawei,2014-07-29 22:16:21
lism,2014-07-30 00:14:07
Ghstart,2014-07-30 00:27:49
tsongknows,2014-07-30 00:43:50
joshfeng,2014-07-30 01:20:44
lunny,2014-07-30 01:23:22
crazyf1,2014-07-30 01:32:24
smhjsw,2014-07-30 01:33:30
joychao,2014-07-30 01:34:15
gsanidt,2014-07-30 01:34:26
younghank,2014-07-30 01:56:43
pyinx,2014-07-30 02:05:49
weedge,2014-07-30 02:07:07
shiziwen,2014-07-30 02:15:57
xuexzgit,2014-07-30 02:37:12
alvinchan,2014-07-30 02:46:59
Yexiaoxing,2014-07-30 04:12:29
soiitaire,2014-07-30 05:30:38
chenshuo890,2014-07-30 06:34:45
joeshang,2014-07-30 06:35:21
bluekurk,2014-07-30 06:54:20
iLeo-Liu,2014-07-30 10:24:39
xuzhongzhou,2014-07-30 13:19:57
shishirui,2014-07-30 14:18:28
fanbin0602,2014-07-30 14:25:05
soupsueapple,2014-07-30 14:30:34
isnotnull,2014-07-30 14:34:22
c0ming,2014-07-30 14:38:24
littlewey,2014-07-30 14:42:51
Cloudless,2014-07-30 14:57:48
AarongZhang,2014-07-30 15:03:18
huyang1532,2014-07-30 15:23:11
phxsuns,2014-07-30 17:01:42
walt-w,2014-07-30 19:54:01
mrahmiao,2014-07-30 22:03:30
cielpy,2014-07-31 00:52:09
sunwenjun,2014-07-31 00:58:05
cooketjoy,2014-07-31 01:02:57
dream5788,2014-07-31 01:04:13
epaiapp,2014-07-31 01:39:58
RoCry,2014-07-31 01:49:13
threeknife,2014-07-31 02:18:10
qinfeng99163,2014-07-31 02:24:12
Derkin,2014-07-31 03:42:30
songfrank,2014-07-31 03:46:46
chenshengzhi,2014-07-31 07:13:15
theoden9014,2014-07-31 07:14:29
freddong,2014-07-31 08:32:26
fannheyward,2014-07-31 09:06:53
idealhack,2014-07-31 09:19:33
zhhlmr,2014-07-31 15:20:43
VincentSit,2014-07-31 16:54:20
holysin,2014-08-01 02:29:45
stoprain,2014-08-01 03:30:14
ZoozyCN,2014-08-01 06:41:18
clayman74,2014-08-01 07:13:42
nemogit,2014-08-01 07:46:16
NeoCN,2014-08-02 08:29:06
farfatfay,2014-08-02 09:59:29
EuanChan,2014-08-02 15:24:06
coolXin,2014-08-03 04:32:51
Shenyubao,2014-08-03 04:51:41
leeeboo,2014-08-04 03:04:52
ludaye123,2014-08-04 03:06:30
pomin,2014-08-04 07:04:26
skyming,2014-08-05 08:28:04
goldfish0506,2014-08-05 18:42:07
goldfish0506,2014-08-05 18:45:49
yangchenghu,2014-08-06 02:47:39
gfh110,2014-08-06 05:54:14
wuchun4,2014-08-06 07:03:54
laurivers,2014-08-07 01:15:57
ice-melon,2014-08-07 03:39:05
qchenqizhi,2014-08-07 03:59:50
btcgunther,2014-08-08 04:01:54
reduxionist,2014-08-10 00:49:44
liuslevis,2014-08-10 10:01:54
liujieyuu,2014-08-10 10:40:48
chemhack,2014-08-10 15:24:02
freeyoung,2014-08-10 15:39:11
wadecong,2014-08-11 05:23:20
richieliuse,2014-08-11 10:45:58
zenwalk,2014-08-12 01:48:14
cmdshell,2014-08-14 09:25:03
extraordinaire,2014-08-15 10:13:30
chraac,2014-08-19 05:58:52
tony7day,2014-08-20 08:42:23
TimothyYe,2014-08-20 13:49:45
leafduo,2014-08-22 15:39:24
l3dzzz,2014-08-24 20:16:57
muyexi,2014-08-25 11:41:37
hutushen222,2014-08-25 17:30:25
cwonrails,2014-08-30 14:41:03
zqpmaster,2014-08-31 14:31:01
alnewkirk,2014-09-01 11:13:08
esnce,2014-09-02 07:35:18
shajiquan,2014-09-02 07:51:05
NilStack,2014-09-02 09:24:35
4xx,2014-09-02 09:31:23
CMGS,2014-09-02 09:37:24
wingoo,2014-09-02 09:42:55
qinix,2014-09-02 09:45:49
AstroProfundis,2014-09-02 09:57:16
caizixian,2014-09-02 09:59:29
ylovesy,2014-09-02 10:00:18
jokester,2014-09-02 10:20:35
hjc4869,2014-09-02 10:58:12
TrickLin,2014-09-02 11:02:23
ericyan,2014-09-02 11:05:33
xiguagua,2014-09-02 11:45:45
jamiepg1,2014-09-02 12:25:51
rjyo,2014-09-02 14:45:02
jarhom,2014-09-02 14:45:35
jrbing,2014-09-02 15:25:35
logtee,2014-09-02 15:40:08
davechenww,2014-09-03 04:06:23
Simida,2014-09-03 05:30:23
RayCai,2014-09-03 07:17:09
snow9312,2014-09-04 00:43:12
Gnep,2014-09-04 04:15:27
leopku,2014-09-05 15:45:13
tayuo,2014-09-07 08:44:31
faicker,2014-09-08 12:54:50
aminjam,2014-09-08 17:36:33
juliekoubova,2014-09-08 23:54:07
tru2dagame,2014-09-09 10:20:09
zerosyn,2014-09-13 22:56:45
Gurpartap,2014-09-14 15:48:17
luzfcb,2014-09-15 16:07:52
coolicer,2014-09-18 05:13:34
Er01c,2014-09-20 10:26:54
ishell,2014-09-21 01:40:56
georgejin110,2014-09-21 06:42:44
abuq,2014-09-23 14:59:14
HowardMei,2014-09-24 03:21:11
daozhao,2014-09-24 03:42:44
Cyspber,2014-09-27 17:22:32
zhangmiaoCHN,2014-10-01 02:24:20
maxfong,2014-10-01 03:05:06
rankjie,2014-10-02 17:46:02
dexterbt1,2014-10-03 02:14:24
zwl2828,2014-10-07 01:10:42
goldfish0506,2014-10-08 08:34:58
icindy,2014-10-09 02:23:36
kevin-morgan,2014-10-10 04:15:38
lucker6666,2014-10-11 03:39:58
freeznet,2014-10-13 15:20:02
fakemoon,2014-10-14 16:43:24
oblank,2014-10-15 14:44:35
KostyaKeeper,2014-10-17 11:58:15
WangWenchao,2014-10-18 14:34:59
henryfour,2014-10-21 09:03:42
thisiswangle,2014-10-23 06:14:06
hyraxer,2014-10-26 14:02:49
stanzgy,2014-10-28 08:30:38
daniel-djx,2014-11-01 12:50:06
corpix,2014-11-05 02:32:28
greenmoon55,2014-11-05 06:04:38
simman,2014-11-07 10:04:30
s884812,2014-11-08 18:18:58
leafove,2014-11-10 04:45:19
GreatmanBill,2014-11-10 09:44:20
isbase,2014-11-14 15:56:47
pkt,2014-11-15 09:36:35
freekus,2014-11-16 15:56:39
maweiyi,2014-11-17 09:09:01
hqin2013,2014-11-19 07:53:38
drmingdrmer,2014-11-20 17:10:40
git9527,2014-11-24 07:03:56
xiaochunyong,2014-11-26 17:13:36
raybest4u,2014-11-29 02:54:01
modus-operandi,2014-12-02 19:22:28
kevinzhow,2014-12-04 04:47:55
samqiu,2014-12-04 07:11:36
Tofuseng,2014-12-04 07:14:39
hbin,2014-12-04 07:24:54
aligo,2014-12-04 09:26:14
savage69kr,2014-12-04 15:29:33
vacri,2014-12-04 22:23:05
jerry74,2014-12-05 14:18:09
luwenjin,2014-12-10 06:40:20
iflamed,2014-12-15 13:01:37
sunteya,2014-12-17 07:45:29
hzzhang,2014-12-17 12:54:52
DGHeaven,2014-12-17 15:24:08
xhacker,2014-12-17 18:14:50
dujiulun,2014-12-21 03:45:44
haomingz,2014-12-21 07:04:03
i0sdev,2014-12-24 04:39:37
iamsk,2014-12-24 11:44:30
jc0mm0n,2014-12-26 04:31:28
epappas,2014-12-29 14:46:38
kenkeiter,2014-12-29 19:28:52
codepapa,2014-12-30 04:21:42
peyoo,2014-12-30 04:31:47
gogozs,2014-12-30 04:34:09
deepure,2014-12-30 05:33:37
mcxiaoke,2014-12-30 06:44:06
fireyy,2014-12-30 07:43:50
cnxzcxy,2014-12-30 08:11:05
tonnyom,2014-12-30 09:12:59
enberg,2014-12-30 09:14:25
gDD,2014-12-30 10:05:28
oxyc,2014-12-30 23:25:49
devSC,2014-12-31 00:44:44
jerrychoi,2014-12-31 01:56:47
y2kbug,2014-12-31 05:37:50
leoncamel,2014-12-31 10:06:23
jelenak,2014-12-31 12:10:54
tsl0922,2015-01-02 05:11:37
dotcool,2015-01-02 11:55:14
leostc,2015-01-03 08:23:47
azmenak,2015-01-04 02:08:16
jiangplus,2015-01-04 08:29:51
cnvaan,2015-01-04 15:40:03
minhoryang,2015-01-04 16:12:07
Lamtin,2015-01-05 08:36:59
loqman,2015-01-06 07:03:24
frankyue,2015-01-08 03:42:13
chenhouwu,2015-01-10 07:44:23
blankyao,2015-01-10 16:20:06
idiotWu,2015-01-11 12:16:48
bobwenx,2015-01-11 16:01:14
linhua55,2015-01-12 07:01:10
764664,2015-01-19 07:57:38
QuantumGhost,2015-01-19 17:48:52
awsong,2015-01-20 15:14:54
diefans,2015-01-21 15:58:04
bigfei,2015-01-22 09:33:36
eternityz,2015-01-23 01:13:33
byelims,2015-01-23 01:20:38
sorrycc,2015-01-23 02:16:30
zh250,2015-01-23 10:23:28
ilooch,2015-01-24 02:48:26
Jamesits,2015-01-25 01:27:40
wangqizhong,2015-01-25 12:30:06
17,2015-01-26 11:35:29
fieldwind,2015-01-26 14:07:01
sdc6882278,2015-01-27 09:23:37
bzmario,2015-01-27 15:48:34
alan-zhang-,2015-01-28 09:08:03
laoguo,2015-01-28 13:11:46
kkxxxxxxx,2015-01-28 15:44:23
yangqi,2015-01-28 16:01:46
kevin-morgan,2015-01-28 18:12:37
maoabc1818,2015-01-29 05:41:55
chyiz,2015-01-29 19:26:25
brentley,2015-01-30 05:54:54
ericworking,2015-01-30 07:05:12
YueHonghui,2015-01-31 11:16:02
wizZhwl,2015-02-01 01:59:18
freeurmind,2015-02-01 07:00:48
shao222,2015-02-02 09:25:07
mk-qi,2015-02-02 09:42:40
opexxx,2015-02-02 16:57:32
mrluanma,2015-02-03 03:23:20
jonesgithub,2015-02-03 14:43:41
brianjolly,2015-02-04 02:16:31
camharris,2015-02-04 07:48:03
hupantingxue,2015-02-04 11:22:04
machinefixer,2015-02-05 08:02:44
footearth,2015-02-06 08:54:29
poths,2015-02-07 21:27:42
neroanelli,2015-02-09 14:25:05
alexli,2015-02-10 06:02:36
nomadli,2015-02-11 08:24:28
rwzsycwan,2015-02-11 18:58:19
zhenguang,2015-02-12 18:58:10
lsdlab,2015-02-15 10:10:47
huazhouji,2015-02-17 13:59:42
billpku,2015-02-18 08:14:04
milesrichardson,2015-02-20 00:05:46
arcticlion,2015-02-20 02:09:43
cwonrails,2015-02-20 16:28:28
bgzxz,2015-02-21 02:30:22
liutanyu,2015-02-21 02:32:10
sbyinin,2015-02-24 20:53:46
tacy,2015-02-27 04:46:37
rpplusplus,2015-02-28 06:12:49
xracz,2015-03-01 13:17:42
skyjia,2015-03-06 08:27:42
luohaoyuan,2015-03-07 06:14:27
xc19,2015-03-09 10:12:10
cooerson,2015-03-09 13:35:01
carbuncle,2015-03-11 10:17:01
liyangyijie,2015-03-14 13:10:08
plotters,2015-03-14 22:30:12
cloverstd,2015-03-15 07:33:23
itspig,2015-03-15 12:23:33
MrCocoa,2015-03-16 01:32:33
feeyii,2015-03-16 01:44:50
coderzhao,2015-03-16 05:34:54
lvyao,2015-03-16 06:06:23
SkyTodInfi,2015-03-16 06:59:13
xxr3376,2015-03-16 07:34:27
mok502,2015-03-16 09:20:24
nicedemo,2015-03-16 11:31:13
kevinMkY,2015-03-17 08:53:16
xingdao,2015-03-18 11:44:29
oa414,2015-03-18 23:37:00
imwower,2015-03-19 05:03:08
amio,2015-03-19 05:15:17
johngngn,2015-03-20 04:33:59
lvii,2015-03-21 13:03:13
bvansomeren,2015-03-24 10:37:00
JohnDu,2015-03-25 09:02:40
eric011,2015-03-26 04:09:08
linsk,2015-03-26 17:25:39
yxjxx,2015-03-27 09:04:30
joaocc,2015-03-28 21:39:35
nashsu,2015-03-29 05:59:45
im461n3,2015-03-29 13:33:06
leafove,2015-03-31 10:18:28
netzhi,2015-03-31 11:35:08
d2arcon,2015-04-01 04:07:48
MiracleJ,2015-04-03 09:37:24
lisovskyvlad,2015-04-03 15:12:53
usufu,2015-04-06 03:14:11
vavavr00m,2015-04-06 17:07:48
wtcross,2015-04-10 13:45:11
kuaner,2015-04-11 08:48:23
markushuber,2015-04-14 19:37:15
bigeckonet,2015-04-16 00:39:51
SharkIng,2015-04-16 22:40:06
cattyhouse,2015-04-18 02:18:18
mahmoudimus,2015-04-22 05:53:34
mattupstate,2015-04-22 14:16:24
ianunruh,2015-04-23 04:01:29
rhycio,2015-04-23 10:15:23
techniq,2015-04-23 14:31:30
esayr,2015-04-25 11:16:19
timchou,2015-04-29 05:38:14
jun0205,2015-04-30 08:04:20
imWildCat,2015-05-01 15:40:50
JustinFincher,2015-05-02 05:11:48
turingou,2015-05-04 08:45:49
Manho,2015-05-04 14:09:48
anorsich,2015-05-04 15:21:27
puttin,2015-05-06 02:26:40
MarshallChen,2015-05-07 04:02:00
mickeyeva2,2015-05-10 08:25:52
WonderSwan,2015-05-13 12:28:24
Otann,2015-05-14 11:13:57
bao3,2015-05-15 07:16:50
segyli,2015-05-15 19:20:51
infsafe,2015-05-20 05:51:11
zieglar,2015-05-20 12:34:59
wsvn53,2015-05-21 06:25:38
oyido,2015-05-21 14:26:02
ming-relax,2015-05-25 13:19:45
jugatsu,2015-05-26 17:37:01
palankai,2015-05-28 20:53:25
Jingler,2015-05-29 00:54:21
dupola,2015-05-29 04:58:05
venj,2015-05-29 13:11:03
holotr,2015-05-29 15:56:44
kuaipao,2015-05-31 06:53:59
sunaiwen,2015-05-31 14:39:16
aspirin,2015-06-03 08:54:43
OscarGong,2015-06-06 17:00:22
shsu,2015-06-06 18:14:50
LuoboTixS,2015-06-09 07:50:45
noahlu,2015-06-10 04:08:47
xream,2015-06-11 13:43:56
xfantasy,2015-06-12 04:26:37
bingu,2015-06-14 10:29:37
titank,2015-06-15 08:15:19
zjgood,2015-06-15 10:20:47
atmanic,2015-06-16 09:13:19
Lixiongyou,2015-06-18 03:14:28
pavgup,2015-06-19 14:49:42
nlimpid,2015-06-20 02:38:40
nathanielks,2015-06-20 03:23:12
xluffy,2015-06-20 10:45:33
aetherTom,2015-06-20 11:28:52
imyelo,2015-06-20 13:17:23
leonlai,2015-06-20 15:04:14
litriv,2015-06-20 15:38:21
scymen,2015-06-20 16:05:16
nhamlh,2015-06-21 03:02:33
coogleyou,2015-06-21 14:54:32
zheng1,2015-06-22 06:00:41
kukat,2015-06-23 15:46:48
dreamerhyde,2015-06-24 08:46:23
wangtongze,2015-06-24 12:48:31
highcapital,2015-06-24 12:59:47
gogozs,2015-06-26 13:15:28
onlyxxp,2015-06-26 17:42:53
XyuWang,2015-06-27 18:36:55
seandou,2015-07-01 01:27:25
geekan,2015-07-02 06:23:18
willard-yuan,2015-07-02 06:41:01
xuqingfeng,2015-07-02 12:17:40
c0state,2015-07-04 03:01:53
ndifhdihf,2015-07-04 13:39:32
tdkr,2015-07-05 06:56:06
cagatay,2015-07-06 18:54:21
zhenghj7,2015-07-08 16:02:23
dmishh,2015-07-09 23:49:39
0x0E,2015-07-11 08:03:48
WisdomKwan,2015-07-12 07:04:44
chankaward,2015-07-12 14:33:45
quericy,2015-07-15 01:31:28
zhuopeng,2015-07-16 10:47:06
vkill,2015-07-17 13:48:12
traxo-xx,2015-07-21 09:50:17
pldimitrov,2015-07-21 15:02:51
psscar,2015-07-22 04:03:56
seaify,2015-07-22 04:42:56
Mysdes,2015-07-23 11:15:12
iAppleBoy,2015-07-24 07:48:19
waawal,2015-07-25 18:34:52
kalloc,2015-07-27 23:16:16
CodeShane,2015-07-31 01:11:45
zhongpei,2015-07-31 08:11:47
ilovejuly,2015-08-01 09:41:12
molon,2015-08-02 00:20:45
usattc,2015-08-02 07:18:07
xayle,2015-08-02 17:09:46
ProfFan,2015-08-03 04:38:33
laymanal,2015-08-03 10:25:46
hearinleaf,2015-08-08 14:55:46
sh,2015-08-10 10:25:39
banbanchs,2015-08-12 13:30:31
cchchoi1986,2015-08-14 09:19:12
Q-E-D,2015-08-14 12:31:30
GhostFlying,2015-08-16 04:37:44
jesset,2015-08-17 13:19:40
skohar,2015-08-18 00:50:16
shifengjiang,2015-08-18 12:19:00
arthurliang,2015-08-19 23:59:20
everettjf,2015-08-20 11:33:35
magiclu,2015-08-20 14:09:05
eddeyang,2015-08-21 02:12:33
yuatlas,2015-08-24 02:03:57
WindyShade,2015-08-28 04:49:50
image72,2015-08-28 08:06:45
xvtom,2015-08-28 22:51:01
dyang504,2015-08-29 01:31:09
wangqi,2015-08-29 15:22:03
andrewtchin,2015-08-30 22:33:33
hugo-,2015-08-31 05:08:43
leechannl,2015-09-01 09:44:35
mytts,2015-09-01 15:04:13
mckelvin,2015-09-03 15:49:48
arowser,2015-09-06 01:56:30
m3hkhhg,2015-09-08 13:34:20
chinabb,2015-09-11 15:54:37
zhuchaowe,2015-09-17 10:20:04
iOSBoy,2015-09-17 15:46:20
holyshawn,2015-09-18 04:08:00
ttgb,2015-09-19 04:11:30
ccollicutt,2015-09-19 13:43:51
dramaturg,2015-09-21 21:25:27
huobazi,2015-09-22 00:48:06
fupolarbear,2015-09-26 18:11:11
peacewalker,2015-09-27 09:14:23
luckykong,2015-09-29 06:30:00
darklord14,2015-10-01 12:43:30
leleobhz,2015-10-05 14:05:48
Theaxiom,2015-10-06 01:14:04
em-yuanbo,2015-10-08 08:03:11
filsmick,2015-10-09 09:16:51
jiyee,2015-10-09 10:10:12
Jakobovski,2015-10-10 15:14:12
glavninja,2015-10-11 18:35:43
hoorace,2015-10-12 01:25:13
kenee,2015-10-12 03:04:17
cyrilis,2015-10-12 03:14:57
borovsky-pg,2015-10-13 12:59:29
rlog,2015-10-15 07:22:43
sllt,2015-10-15 07:25:02
qyin,2015-10-15 09:53:30
GeQi,2015-10-18 22:28:45
cartmanchen,2015-10-21 03:13:32
xuhong,2015-10-21 08:10:53
danipolo,2015-10-24 21:32:14
lhrkkk,2015-10-28 17:13:13
ricardopereira,2015-10-30 13:49:37
ellipse43,2015-11-02 16:29:48
Vicrime,2015-11-03 13:55:44
luoxufeiyan,2015-11-04 06:10:22
4148,2015-11-05 07:37:12
qband,2015-11-08 01:15:48
angelina999990,2015-11-13 16:03:44
D0zingcat,2015-11-17 15:49:47
tracyhatemice,2015-11-18 18:32:36
zeroinyang,2015-11-19 05:56:30
dbaflight,2015-11-19 15:21:21
lacalan,2015-11-19 21:28:07
harde,2015-11-23 09:32:54
jkahrs,2015-11-23 11:26:20
naivefun,2015-11-23 14:04:38
CodeFalling,2015-11-25 06:16:53
buxizhe,2015-11-27 09:14:16
ddliu,2015-11-27 14:11:59
vectorhsi,2015-11-28 11:08:04
jubbon,2015-11-28 12:07:31
shispt,2015-11-30 15:09:40
tk515,2015-12-03 05:35:13
inatu,2015-12-03 10:14:36
jbarajas,2015-12-03 15:31:06
Meabed,2015-12-03 19:54:10
AbelHu,2015-12-04 01:23:18
venuskira,2015-12-07 08:04:19
m3home,2015-12-07 18:00:35
allenhsu,2015-12-10 06:51:01
zhkzyth,2015-12-11 03:30:37
kevinlondon,2015-12-15 19:38:51
Caixiaopig,2015-12-17 04:44:37
wskongdesheng,2015-12-17 09:44:09
yienzhu,2015-12-17 14:41:01
esayr,2015-12-18 08:26:03
barakawei,2015-12-19 02:46:47
ctmnz,2015-12-19 17:21:59
lxyu,2015-12-22 16:51:28
kevinanew,2015-12-23 06:50:12
mxq0923,2015-12-24 01:47:30
daimajia,2015-12-25 02:45:03
lazybios,2015-12-25 03:02:13
haloboom,2015-12-25 03:05:50
meritozh,2015-12-25 05:06:01
wwj718,2015-12-25 05:50:40
applecool,2015-12-25 08:43:09
codingWang,2015-12-25 13:09:03
DaiXiang,2015-12-26 02:11:34
xhs,2015-12-26 05:06:18
aCoder2013,2015-12-26 05:54:07
pheynix,2015-12-26 07:52:42
macint0sh,2015-12-30 22:33:38
messyidea,2016-01-03 03:23:43
ViGo5190,2016-01-04 15:46:48
99103248,2016-01-05 05:39:31
vinc3nt,2016-01-06 12:09:55
else,2016-01-06 15:11:17
GonZo,2016-01-07 16:48:30
cheekyhalf,2016-01-07 16:48:37
yangwe1,2016-01-08 02:52:02
SquirrelMajik,2016-01-08 12:27:04
JmmBite,2016-01-11 07:49:34
dmexe,2016-01-18 22:57:06
